approach,system,num_datasets,mape_mean,mae_mean,rmse_mean
improved_v8,batlik,11,0.024322125838688827,0.08743442078943078,0.13060109718219862
improved_v8,dconvert,12,0.02501760731176715,0.07416471469609091,0.11227228730761392
improved_v8,h2,8,0.05261289430272586,482.7448740881576,647.3171769044147
improved_v8,jump3r,6,0.14827087881388523,0.6716990771622519,1.0007121448404341
improved_v8,kanzi,9,0.12751883914404263,2.162668041259339,5.695441914136042
improved_v8,lrzip,13,2.3884464824679954,15.867643167386971,23.15238699828071
improved_v8,x264,9,0.11616726447187833,1.1725904210259157,2.900552618168445
improved_v8,xz,13,0.0603459126938048,2.517851433145507,7.331604024958003
improved_v8,z3,12,0.006195648820971715,0.34774129393736014,0.8461024686639319
